Event_ID,Relative_Sequence,Chronology_Quality,Research_Phase,Trigger,Question_Before_Lookup,Prior_State,Prediction_IDs,Corpus_Opened,Blindness_Codes,Procedure,Observation,Result_Type,Claim_Affected,Delta,Old_State,New_State,New_Residuals,Source_IDs,Transform_Table_IDs,Notes
EV-R0001,1,RECONSTRUCTED_RELATIVE,Twelvefold comparison,Repeated 4x3 and 3x4 structures,Are repeated factorizations independent confirmations?,Apparent cross-corpus matches looked independently suggestive,,Egyptian; Hebrew; musical; cosmological,B0,Compare native axes and later overlays,Some rectangles native; some assignments later,PARTIAL,CLM-001,SPLIT,HYPOTHESIS,MIXED,Separate native factorization from forced transpose,,ST-05;ST-06,Exact date unavailable; order reconstructed from preserved version deltas
EV-R0002,2,VERSION_ANCHORED_v0.26,Factor-transpose control,Need native control for twelvefold geometry,Does Egyptian calendar natively instantiate 3x4?,Tribe-zodiac comparison carried excess weight,,Egyptian calendar/decans,B7;B8,Test native factor axes and divisor null,Native axes supported; transpose mathematically forced once rectangle exists,PASS_WITH_DOWNGRADE,CLM-001;CLM-002,DOWNGRADE_AND_PROMOTE,TRIBAL_MATCH_SUGGESTIVE,FACTOR_NATIVE_TRANSPOSE_NONINDEPENDENT,Why cultures select particular factorizations,,ST-05;ST-06,Preserves both promotion and false-positive subtraction
EV-R0003,3,RECONSTRUCTED_RELATIVE,N=12 null model,Multiple musical/cosmological partitions,Which structures follow automatically from divisor algebra?,Several partitions appeared evidentially meaningful,,Cross-corpus arithmetic controls,B8,Enumerate divisor/factor transformations before scoring,Forced consequences identified,PASS,CLM-003,DOWNGRADE,SUPPORTED,RECLASSIFIED_NULL,Residual cultural choices after arithmetic subtraction,,ST-05;ST-06,Null consequence retained but receives no independence vote
EV-R0004,4,RECONSTRUCTED_RELATIVE,Chinese subgroup holdout,Apparent missing H3 spacing class,Does native material contain the withheld spacing-plus-four three-group?,Absence treated as possible falsifier,PRED-004,Chinese/Yijing/pitch material,B1;B4;B12,Search specifically for missing native subgroup,Native pattern found,PASS,CLM-004,CORRECT,APPARENT_NEGATIVE,SUPPORTED,Recension and carrier distribution,,ST-05,A corrected false negative remains visible
EV-R0005,5,VERSION_ANCHORED_v0.31,Hierarchy differential,Sethian Greek and Enochic succession looked superficially similar,Do the same columns imply the same operator?,Conversational shorthand treated all as succession,,Sethian; Greek; Enochic,B5;B7,Apply identical identity/function/sequence fields,Three distinct operators emerged,PASS_DIFFERENTIAL,CLM-005,SPLIT,COMMON_SUCCESSION,GENERATION_REGIME_ROLE_VIOLATION,Formal operator taxonomy,,ST-27;ST-28;ST-29;ST-32,Inheritance added as primitive
EV-R0006,6,VERSION_ANCHORED_v0.32,Giant stress test,Cross-cultural giant motif,Is giant a common ontological class?,Universal-class possibility remained open,PRED-006,Norse; Greek; Enochic; Biblical; Irish,B7;B11,Adversarially compare generation role fate and substrate,Universal ontology failed; motif family survived,FAIL_PRODUCTIVE,CLM-006,REJECT_AND_RECLASSIFY,HYPOTHESIS,GIANT_MOTIF_ONLY,Extract distinct decomposition hybrid and residual operators,,ST-26;ST-27;ST-31,Failure is retained as evidence
EV-R0007,7,VERSION_ANCHORED_v0.34,Heptarchia extraction,Names might be semantic labels,Are names generated coordinate identifiers?,Semantic interpretation remained possible,PRED-007,Dee Heptarchia; Ashmole,B2;B8,Reconstruct seven-table transversal extraction,Name patterns generated from coordinates; invariant B had zero discriminative weight,PASS,CLM-007,PROMOTE_WITH_NULL_SUBTRACTION,HYPOTHESIS,SUPPORTED,Exact ancestry of generator and special offices,,ST-12;ST-35,Universal B explicitly assigned no semantic weight
EV-R0008,8,VERSION_ANCHORED_v0.37,Great Table and Fludd comparison,Both display 4x3-like organization,Is musical topology preserved exactly?,Shape similarity suggested equivalence,PRED-008,Dee Great Table; Fludd music,B2;B7;B9,Freeze mapping then compare adjacency direction and topology,Shape checksum passed; exact topology failed; chirality unresolved,PARTIAL_FAIL,CLM-008,DOWNGRADE,POSSIBLE_EQUIVALENCE,SHAPE_ONLY,Chirality and directional operator,,ST-05,Downstream checksum gives no independence vote
EV-R0009,9,RECONSTRUCTED_RELATIVE,Ancient 36 lineage,Two ancient 36 systems,Does Egyptian 36 descend continuously from Mesopotamian 36?,Direct lineage possible,PRED-009,Mesopotamian; Egyptian,B1;B7;B10,Compare chronology object types and topology,Direct lineage not supported,FAIL,CLM-009,REJECT,POSSIBLE_DIRECT_LINEAGE,BRANCHES_SEPARATE,Locate historical join,,ST-06,Failure opened branch-and-join search
EV-R0010,10,RECONSTRUCTED_RELATIVE,Hellenistic join,Failure of direct 36 lineage,Where do Babylonian twelve and Egyptian decans actually combine?,Branches held separate,PRED-010,Greco-Egyptian/Hellenistic,B1;B10,Search historical synthesis layer,Twelve signs and thirty-six decans joined in Hellenistic system,PASS,CLM-010,PROMOTE,HYPOTHESIS,SUPPORTED_LINEAGE_JOIN,Member-level joins and local variants,,ST-06,Lineage evidence not independent convergence
EV-R0011,11,RECONSTRUCTED_RELATIVE,36 to 72 antiquity,72 might be late overlay,Is there an ancient native subdivision of 36 into 72?,Antiquity unresolved,PRED-011,P.Oxy. 465/Greco-Egyptian,B1;B3;B12,Test for source-native pentad subdivision,Twelve signs by six five-degree pentads yields seventy-two,PASS,CLM-011,PROMOTE,OPEN,STRONGLY_SUPPORTED,Full member-level ancestry,,ST-07;ST-08,Exact citation locator must be added to source ledger
EV-R0012,12,RECONSTRUCTED_RELATIVE,Differently typed plus-one,Repeated N+1 anomalies,Is the extra member peer return container boundary or withheld operation?,Extra members risked being flattened,PRED-012,Yijing; Vedic; Dee; Messalah,B1;B5;B7,Classify extra member by function before analogy,Multiple differently typed +1 operators found,PASS_DIFFERENTIAL,CLM-012,SPLIT,GENERIC_PLUS_ONE,TYPED_PLUS_ONE_FAMILY,Complete member/function mapping,,ST-13;ST-14;ST-15;ST-16;ST-17,Cardinality alone rejected as operator identity
EV-R0013,13,RECONSTRUCTED_RELATIVE,Missing 7x8 slot,Scale lattice suggested 56,Does a native 7x8=56 system occupy the predicted slot?,Slot predicted but unobserved,PRED-013,Cross-corpus holdout,B1;B12,Register prediction then search without remapping,No qualifying native system found,NULL,CLM-013,WITHHOLD,PREDICTED,RESIDUAL,56 remains open and unfilled,,,Negative result must not be patched numerologically
EV-R0014,14,RECONSTRUCTED_RELATIVE,Planetary glyph ancestry,Compositional mechanism predicted broad common ancestry,Do all planetary glyphs derive through one mechanism?,Single mechanism plausible,PRED-014,Planetary glyph paleography; Monas,B1;B7;B11,Planet-by-planet ancestry test,Mixed mechanisms and confidence levels,MIXED,CLM-014,SPLIT,UNIVERSAL_MECHANISM,MULTIPLE_ANCESTRIES,Complete paleographic graph,,ST-30;ST-35,No forced sevenfold uniformity
EV-R0015,15,RECONSTRUCTED_RELATIVE,Color carrier test,Cross-system color correspondences,Is there a universal color lookup table?,Carrier-level persistence and lookup equivalence both possible,PRED-015,Planetary; Chinese; Vedic; alchemical color,B5;B7;B11,Compare dimensions and source-native assignments,Carrier survives; universal lookup table fails,PARTIAL_FAIL,CLM-015,RECLASSIFY,POSSIBLE_UNIVERSAL_TABLE,MULTIDIMENSIONAL_CARRIER,Non-spectral luminosity mixture material/luster,,ST-30,Color remains evidence only at appropriate dimensions
EV-R0016,16,RECONSTRUCTED_RELATIVE,Dee mediator prediction,49th member risked being treated as missing peer,Does Dee contain a differentiated central/general office?,Generic missing-member interpretation available,PRED-016,Dee Heptarchia,B1;B4,Predict special mediator before member lookup,Hagonel exhibits differentiated center/general role,PASS,CLM-016,PROMOTE,REGISTERED_PREDICTION,SUPPORTED,Determine upstream mechanism without declaring identity,,ST-12;ST-34,Subsequent ancestry search is a separate evidence event
