Experiment_ID,Hypothesis,Derived_From,Pre_Test_Prediction,Frozen_Mapping,Allowed_Transformations,Forbidden_Degrees_Of_Freedom,Blindness_Codes,Positive_Criterion,Negative_Criterion,Null_Model,Outcome,Current_Status,Independence_Contribution
EXP-12-NULL-01,Repeated twelvefold partitions must be scored after divisor subtraction,Twelvefold comparison,Forced transforms will explain part but not all structure,Divisor algebra fixed before rescoring,factorization; transpose,post-hoc remapping of members,B8,Residual structure remains after subtraction,All apparent novelty is forced,complete divisor/factor consequences,PASS,SUPPORTED,ANALYTICAL_CONTROL
EXP-CHN-H3-01,A native spacing-plus-four three-group exists in Chinese material,Missing subgroup residual,Find native H3 without changing criterion,spacing pattern frozen,exact native realization,approximate visual similarity,B1;B4;B12,native source realizes pattern,no native realization,random subgroup availability,PASS,SUPPORTED,WITHHELD_MEMBER
EXP-HIER-DIFF-01,Sethian Greek and Enochic systems implement different operators,Cross-hierarchy shorthand,Same columns will separate operators,identity/function/generation/regime/fate columns,source-native relations,renaming distinct relations as succession,B5;B7,operator profiles differ,same operator profile,generic hierarchy similarity,PASS,SUPPORTED,CROSS_CARRIER_ANALYTICAL
EXP-GIANT-01,Giant is motif not universal ontology,Cross-cultural comparison,Adversarial comparison will break class identity,generation/role/fate/substrate fields,motif-level grouping only,lexical equivalence,B7;B11,different ontologies share motif,common ontology survives,generic large/adversarial being,PASS,SUPPORTED_REJECTION,NEGATIVE_CONTROL
EXP-DEE-49-01,Heptarchic names are coordinate-generated,Table residuals,Reconstruction yields names without semantic freedom,table coordinates and traversal,documented traversal only,letter substitution and free anagram,B2;B8,generated output matches names,only semantic association works,invariant letter frequency,PASS,SUPPORTED,MECHANISM
EXP-FLUDD-TOPO-01,Great Table and Fludd share exact topology,4x3 shape,Frozen mapping preserves adjacency/direction,mapping frozen,exact topology comparison,rotation/permutation after result,B2;B7;B9,adjacency and orientation pass,shape only passes,random 4x3 structures,PARTIAL_FAIL,DOWNGRADED_TO_SHAPE,CHECKSUM_ONLY
EXP-36-LINEAGE-01,Egyptian and Mesopotamian 36 form a direct lineage,shared cardinality,Chronology and topology support continuity,typed 36 systems,historical transmission evidence,count-only equation,B1;B7;B10,continuous mechanism and transmission,distinct systems only,generic factor 36,FAIL,REJECTED,HISTORICAL
EXP-36-JOIN-01,Hellenistic synthesis joins Babylonian twelve and Egyptian thirty-six,Failed direct lineage,A branch-and-join layer exists,source traditions separated,historical synthesis,back-projecting later join,B1;B10,documented join layer,no combined system,later retrospective correspondence,PASS,SUPPORTED,LINEAGE
EXP-36-72-01,Ancient 36 is natively subdivided into 72,36/72 residual,Find two five-degree units per ten-degree decan,subdivision only,source-native subdivision,arbitrary permutation,B1;B3;B12,ancient native 72 lattice,numerological/later overlay only,mathematically forced doubling,PASS,STRONGLY_SUPPORTED,HISTORICAL_PLUS_PREDICTIVE
EXP-PLUS1-01,Extra members in N+1 systems are differently typed,Repeated plus-one,Function-first classification yields several operators,peer/return/container/boundary/withheld classes,classification before correspondence,generic missing-member label,B1;B5;B7,distinct native functions,all extra members peer-equivalent,generic N+1 arithmetic,PASS,SUPPORTED_FAMILY,DIFFERENTIAL
EXP-56-HOLDOUT-01,A native 7x8=56 system fills the lattice slot,Scale lattice,Find source-native 56 without flexible remapping,7x8 typed transform,exact source-native transform,numerological 56,B1;B12,qualifying native system,none located,arithmetic product alone,NULL,WITHHELD_RESIDUAL,NONE
EXP-GLYPH-01,Planetary glyphs share one compositional ancestry mechanism,Monas composition,All tested glyphs trace through same mechanism,planet-by-planet ancestry,paleographic lineage,visual resemblance alone,B1;B7;B11,shared documented mechanism,mixed ancestry,generic simple-symbol convergence,MIXED,RECLASSIFIED,MIXED
EXP-COLOR-01,Cross-tradition colors form a universal lookup,Carrier comparison,Exact assignments survive source-native comparison,color dimensions separated,dimension-preserving comparisons,nearest-color remapping,B5;B7;B11,stable universal mapping,carrier only survives,small palette coincidence,PARTIAL_FAIL,CARRIER_SUPPORTED_LOOKUP_REJECTED,CROSS_CARRIER
EXP-DEE-MEDIATOR-01,Dee's exceptional member is a mediator/general rather than an omitted peer,Typed plus-one family,Find differentiated center/general office,office criteria frozen,role/function evidence,post-hoc symbolic identity,B1;B4,native role matches mediator criteria,ordinary peer only,generic centrality projection,PASS,SUPPORTED,PREDICTIVE
