Evidence_ID,Source_ID,Tradition,Observation,Object_Type,Typed_Scale,Relation,Directness,Historical_Independence,Analytical_Independence,Supports,Challenges,Experiment_ID,H,S,P,F,Status,Citation_Status
EVD-0001,SRC-0001,Egyptian,Thirty-six decans form a native calendrical/stellar structure,address,36[decans],organization,RECONSTRUCTED_FROM_PRIOR_WORK,INDEPENDENT_OF_BABYLONIAN_36,PARTIAL,CLM-002,,EXP-12-NULL-01,MEDIUM,HIGH,MEDIUM,HIGH,ACTIVE,EXACT_LOCATOR_PENDING
EVD-0002,SRC-0002,Mesopotamian,Three Stars Each organizes twelve sectors into thirty-six,address,12[sectors]x3[stars],subdivision,RECONSTRUCTED_FROM_PRIOR_WORK,INDEPENDENT_OF_EGYPTIAN_36,PARTIAL,CLM-009,,EXP-36-LINEAGE-01,MEDIUM,HIGH,MEDIUM,HIGH,ACTIVE,EXACT_LOCATOR_PENDING
EVD-0003,SRC-0003,Greco-Egyptian,A Hellenistic layer combines zodiacal signs and Egyptian decans,transmission,12[signs]to36[decans],branch-and-join,RECONSTRUCTED_FROM_PRIOR_WORK,LINEAGE,YES,CLM-010,,EXP-36-JOIN-01,MEDIUM,HIGH,HIGH,HIGH,ACTIVE,EXACT_LOCATOR_PENDING
EVD-0004,SRC-0004,Greco-Egyptian,P.Oxy. 465 preserves a twelve-by-six pentad organization,address,72[pentads],subdivision,RECONSTRUCTED_FROM_PRIOR_WORK,LINEAGE,YES,CLM-011,,EXP-36-72-01,MEDIUM,HIGH,HIGH,HIGH,ACTIVE,EXACT_LOCATOR_PENDING
EVD-0005,SRC-0005,Dee Heptarchia,Seven tables permit transversal name extraction,name,49[names],coordinate-generation,RECONSTRUCTED_FROM_PRIOR_WORK,LINEAGE,YES,CLM-007,,EXP-DEE-49-01,MEDIUM,HIGH,HIGH,HIGH,ACTIVE,EXACT_LOCATOR_PENDING
EVD-0006,SRC-0006,Ashmole,BALIGON transversal reconstruction preserves coordinate mechanism,analysis,49[names],reverse-engineering,RECONSTRUCTED_FROM_PRIOR_WORK,DOWNSTREAM_PRESERVATION,YES,CLM-007,,EXP-DEE-49-01,MEDIUM,HIGH,MEDIUM,HIGH,ACTIVE,EXACT_LOCATOR_PENDING
EVD-0007,SRC-0005,Dee Heptarchia,Hagonel has a differentiated center/general office,role,7+1[offices],mediation,RECONSTRUCTED_FROM_PRIOR_WORK,LINEAGE,YES,CLM-016,,EXP-DEE-MEDIATOR-01,MEDIUM,HIGH,HIGH,HIGH,ACTIVE,EXACT_LOCATOR_PENDING
EVD-0008,SRC-0007,Yijing,Forty-nine operative stalks yield forty-eight handled units plus one distinguished unit,operation,49to48+1,withholding,RECONSTRUCTED_FROM_PRIOR_WORK,CULTURALLY_REMOTE,YES,CLM-012,,EXP-PLUS1-01,MEDIUM,HIGH,HIGH,HIGH,ACTIVE,EXACT_LOCATOR_PENDING
EVD-0009,SRC-0008,Vedic,Seven Hotr-class roles instantiate six interior plus one boundary office,role,7to6+1,boundary-topology,RECONSTRUCTED_FROM_PRIOR_WORK,CULTURALLY_REMOTE,YES,CLM-012,,EXP-PLUS1-01,MEDIUM,HIGH,HIGH,HIGH,ACTIVE,EXACT_LOCATOR_PENDING
EVD-0010,SRC-0009,Messalah,Seven planetary rings plus Caput Draconis instantiate a differently typed eighth,container/address,7+1,typed-addition,RECONSTRUCTED_FROM_PRIOR_WORK,HISTORICALLY_DISTINCT,YES,CLM-012,,EXP-PLUS1-01,MEDIUM,HIGH,MEDIUM,HIGH,ACTIVE,EXACT_LOCATOR_PENDING
EVD-0011,SRC-0010,Cross-cultural giant corpus,Norse Greek Enochic Biblical and Irish cases differ in generation role fate and substrate,class,N/A,differential,ANALYTICAL_RESULT,MIXED,YES,CLM-006,universal giant ontology,EXP-GIANT-01,MIXED,HIGH,HIGH,HIGH,ACTIVE,SOURCE_SET_LOCATORS_PENDING
EVD-0012,SRC-0011,Cross-tradition color corpus,Color relations persist as a carrier while exact universal lookup fails,carrier,N/A,carrier-persistence,ANALYTICAL_RESULT,MIXED,YES,CLM-015,universal color lookup,EXP-COLOR-01,LOW,MEDIUM,MEDIUM,HIGH,ACTIVE,SOURCE_SET_LOCATORS_PENDING
EVD-0013,SRC-0012,Dee/Fludd,Four-by-three shape similarity does not preserve exact adjacency/direction,topology,4x3,failed-isomorphism,ANALYTICAL_RESULT,DOWNSTREAM_CHECKSUM,YES,CLM-008,exact equivalence,EXP-FLUDD-TOPO-01,LOW,MEDIUM,HIGH,HIGH,ACTIVE,SOURCE_SET_LOCATORS_PENDING
EVD-0014,SRC-0013,Sethian/Greek/Enochic,Identical comparison columns separate asymmetric generation regime succession and identity-preserving transgression,operator,N/A,differential,ANALYTICAL_RESULT,CROSS_CORPUS,YES,CLM-005,common succession,EXP-HIER-DIFF-01,MEDIUM,HIGH,HIGH,HIGH,ACTIVE,SOURCE_SET_LOCATORS_PENDING
