Residual_ID,Created_By_Event,Question,Status,Priority,Forbidden_Shortcut,Next_Valid_Test
RES-001,EV-R0002,Why do traditions choose particular native factorizations?,OPEN,MEDIUM,Treat forced transpose as evidence,Compare constraints and native uses
RES-002,EV-R0005,What is the complete operator taxonomy for generation succession inheritance and role change?,OPEN,HIGH,Call every hierarchy succession,Member-level differential tables
RES-003,EV-R0008,Does chirality explain the Great Table/Fludd directional mismatch?,OPEN,MEDIUM,Rotate after seeing result,Register directional holdout
RES-004,EV-R0011,What are all seventy-two member-level ancestor/function chains?,OPEN,HIGH,Attach later names directly to ancient pentads,Build typed ancestry by source layer
RES-005,EV-R0013,Does a native 7x8=56 transform exist?,WITHHELD,MEDIUM,Accept numerological 56,Continue source-native holdout search
RES-006,EV-R0014,What is the planet-by-planet ancestry of the glyphs?,OPEN,MEDIUM,Use resemblance as lineage,Paleographic source graph
RES-007,EV-R0015,How should non-spectral color luminosity material luster and mixture be represented?,OPEN,MEDIUM,Force a seven-color lookup,Build multidimensional carrier ontology
RES-008,EV-R0016,What upstream mechanisms explain Hagonel's role?,OPEN,HIGH,Declare cross-tradition identity,Test lineage and structural alternatives
RES-009,,What is the Loagaeth 49/48 reversal/table/call key schedule?,OPEN_MAJOR,HIGH,Semantic free decoding,Freeze candidate schedules and test holdouts
RES-010,,How do Sethian and Valentinian member hierarchies vary across recensions?,OPEN,HIGH,Merge both Gnostic schools,Recension-specific member tables
RES-011,,How do music operators compare across all covered traditions?,OPEN,HIGH,Map by shared count alone,Complete cross-carrier operator matrix
